<?xml version="1.0" encoding="UTF-8"?>
<mesh>
    <sharedgeometry vertexcount="289">
        <vertexbuffer normals="true" texture_coords="1" positions="true" colours_diffuse="False">
            <vertex>
                <position z="-0.875000" y="-0.062762" x="0.875000"/>
                <normal z="-0.000000" y="1.000000" x="0.000000"/>
                <texcoord v="0.062587" u="0.937413"/>
            </vertex>
            <vertex>
                <position z="-0.875000" y="-0.062762" x="1.000000"/>
                <normal z="-0.000000" y="1.000000" x="0.000000"/>
                <texcoord v="0.062587" u="0.999900"/>
            </vertex>
            <vertex>
                <position z="-1.000000" y="-0.062762" x="1.000000"/>
                <normal z="-0.000000" y="1.000000" x="0.000000"/>
                <texcoord v="0.000100" u="0.999900"/>
            </vertex>
            <vertex>
                <position z="-1.000000" y="-0.062762" x="0.875000"/>
                <normal z="-0.000000" y="1.000000" x="0.000000"/>
                <texcoord v="0.000100" u="0.937413"/>
            </vertex>
            <vertex>
                <position z="-0.875000" y="-0.062762" x="-0.125000"/>
                <normal z="-0.000000" y="1.000000" x="0.000000"/>
                <texcoord v="0.062587" u="0.437512"/>
            </vertex>
            <vertex>
                <position z="-0.875000" y="-0.062762" x="0.000000"/>
                <normal z="-0.000000" y="1.000000" x="0.000000"/>
                <texcoord v="0.062587" u="0.500000"/>
            </vertex>
            <vertex>
                <position z="-1.000000" y="-0.062762" x="0.000000"/>
                <normal z="-0.000000" y="1.000000" x="0.000000"/>
                <texcoord v="0.000100" u="0.500000"/>
            </vertex>
            <vertex>
                <position z="-1.000000" y="-0.062762" x="-0.125000"/>
                <normal z="-0.000000" y="1.000000" x="0.000000"/>
                <texcoord v="0.000100" u="0.437512"/>
            </vertex>
            <vertex>
                <position z="0.125000" y="-0.062762" x="-0.125000"/>
                <normal z="-0.000000" y="1.000000" x="0.000000"/>
                <texcoord v="0.562487" u="0.437513"/>
            </vertex>
            <vertex>
                <position z="0.125000" y="-0.062762" x="0.000000"/>
                <normal z="-0.000000" y="1.000000" x="0.000000"/>
                <texcoord v="0.562487" u="0.500000"/>
            </vertex>
            <vertex>
                <position z="-0.000000" y="-0.062762" x="0.000000"/>
                <normal z="-0.000000" y="1.000000" x="0.000000"/>
                <texcoord v="0.500000" u="0.500000"/>
            </vertex>
            <vertex>
                <position z="-0.000000" y="-0.062762" x="-0.125000"/>
                <normal z="-0.000000" y="1.000000" x="0.000000"/>
                <texcoord v="0.500000" u="0.437513"/>
            </vertex>
            <vertex>
                <position z="0.125000" y="-0.062762" x="0.875000"/>
                <normal z="-0.000000" y="1.000000" x="0.000000"/>
                <texcoord v="0.562487" u="0.937413"/>
            </vertex>
            <vertex>
                <position z="0.125000" y="-0.062762" x="1.000000"/>
                <normal z="-0.000000" y="1.000000" x="0.000000"/>
                <texcoord v="0.562487" u="0.999900"/>
            </vertex>
            <vertex>
                <position z="-0.000000" y="-0.062762" x="1.000000"/>
                <normal z="-0.000000" y="1.000000" x="0.000000"/>
                <texcoord v="0.500000" u="0.999900"/>
            </vertex>
            <vertex>
                <position z="-0.000000" y="-0.062762" x="0.875000"/>
                <normal z="-0.000000" y="1.000000" x="0.000000"/>
                <texcoord v="0.500000" u="0.937413"/>
            </vertex>
            <vertex>
                <position z="-0.875000" y="-0.062762" x="0.375000"/>
                <normal z="-0.000000" y="1.000000" x="0.000000"/>
                <texcoord v="0.062587" u="0.687463"/>
            </vertex>
            <vertex>
                <position z="-0.875000" y="-0.062762" x="0.500000"/>
                <normal z="-0.000000" y="1.000000" x="0.000000"/>
                <texcoord v="0.062587" u="0.749950"/>
            </vertex>
            <vertex>
                <position z="-1.000000" y="-0.062762" x="0.500000"/>
                <normal z="-0.000000" y="1.000000" x="0.000000"/>
                <texcoord v="0.000100" u="0.749950"/>
            </vertex>
            <vertex>
                <position z="-1.000000" y="-0.062762" x="0.375000"/>
                <normal z="-0.000000" y="1.000000" x="0.000000"/>
                <texcoord v="0.000100" u="0.687463"/>
            </vertex>
            <vertex>
                <position z="-0.375000" y="-0.062762" x="0.375000"/>
                <normal z="-0.000000" y="1.000000" x="0.000000"/>
                <texcoord v="0.312537" u="0.687463"/>
            </vertex>
            <vertex>
                <position z="-0.375000" y="-0.062762" x="0.500000"/>
                <normal z="-0.000000" y="1.000000" x="0.000000"/>
                <texcoord v="0.312537" u="0.749950"/>
            </vertex>
            <vertex>
                <position z="-0.500000" y="-0.062762" x="0.500000"/>
                <normal z="-0.000000" y="1.000000" x="0.000000"/>
                <texcoord v="0.250050" u="0.749950"/>
            </vertex>
            <vertex>
                <position z="-0.500000" y="-0.062762" x="0.375000"/>
                <normal z="-0.000000" y="1.000000" x="0.000000"/>
                <texcoord v="0.250050" u="0.687463"/>
            </vertex>
            <vertex>
                <position z="-0.375000" y="-0.062762" x="0.875000"/>
                <normal z="-0.000000" y="1.000000" x="0.000000"/>
                <texcoord v="0.312537" u="0.937413"/>
            </vertex>
            <vertex>
                <position z="-0.375000" y="-0.062762" x="1.000000"/>
                <normal z="-0.000000" y="1.000000" x="0.000000"/>
                <texcoord v="0.312537" u="0.999900"/>
            </vertex>
            <vertex>
                <position z="-0.500000" y="-0.062762" x="1.000000"/>
                <normal z="-0.000000" y="1.000000" x="0.000000"/>
                <texcoord v="0.250050" u="0.999900"/>
            </vertex>
            <vertex>
                <position z="-0.500000" y="-0.062762" x="0.875000"/>
                <normal z="-0.000000" y="1.000000" x="0.000000"/>
                <texcoord v="0.250050" u="0.937413"/>
            </vertex>
            <vertex>
                <position z="-0.875000" y="-0.062762" x="-0.625000"/>
                <normal z="-0.403088" y="0.901761" x="-0.155919"/>
                <texcoord v="0.062587" u="0.187562"/>
            </vertex>
            <vertex>
                <position z="-0.875000" y="-0.062762" x="-0.500000"/>
                <normal z="-0.403088" y="0.901761" x="0.155919"/>
                <texcoord v="0.062587" u="0.250050"/>
            </vertex>
            <vertex>
                <position z="-1.000000" y="-0.062762" x="-0.500000"/>
                <normal z="-0.000000" y="1.000000" x="0.000000"/>
                <texcoord v="0.000100" u="0.250050"/>
            </vertex>
            <vertex>
                <position z="-1.000000" y="-0.062762" x="-0.625000"/>
                <normal z="-0.000000" y="1.000000" x="0.000000"/>
                <texcoord v="0.000100" u="0.187562"/>
            </vertex>
            <vertex>
                <position z="-0.375000" y="-0.062762" x="-0.625000"/>
                <normal z="-0.000000" y="0.949095" x="0.314920"/>
                <texcoord v="0.312537" u="0.187563"/>
            </vertex>
            <vertex>
                <position z="-0.375000" y="-0.062762" x="-0.500000"/>
                <normal z="-0.000000" y="1.000000" x="0.000000"/>
                <texcoord v="0.312537" u="0.250050"/>
            </vertex>
            <vertex>
                <position z="-0.500000" y="-0.062762" x="-0.500000"/>
                <normal z="-0.000000" y="1.000000" x="0.000000"/>
                <texcoord v="0.250050" u="0.250050"/>
            </vertex>
            <vertex>
                <position z="-0.500000" y="-0.062762" x="-0.625000"/>
                <normal z="-0.146214" y="0.978362" x="0.146214"/>
                <texcoord v="0.250050" u="0.187563"/>
            </vertex>
            <vertex>
                <position z="-0.375000" y="-0.062762" x="-0.125000"/>
                <normal z="-0.000000" y="1.000000" x="0.000000"/>
                <texcoord v="0.312537" u="0.437513"/>
            </vertex>
            <vertex>
                <position z="-0.375000" y="-0.062762" x="0.000000"/>
                <normal z="-0.000000" y="1.000000" x="0.000000"/>
                <texcoord v="0.312537" u="0.500000"/>
            </vertex>
            <vertex>
                <position z="-0.500000" y="-0.062762" x="0.000000"/>
                <normal z="-0.000000" y="1.000000" x="0.000000"/>
                <texcoord v="0.250050" u="0.500000"/>
            </vertex>
            <vertex>
                <position z="-0.500000" y="-0.062762" x="-0.125000"/>
                <normal z="-0.000000" y="1.000000" x="0.000000"/>
                <texcoord v="0.250050" u="0.437513"/>
            </vertex>
            <vertex>
                <position z="0.125000" y="-0.062762" x="-0.625000"/>
                <normal z="-0.000000" y="1.000000" x="0.000000"/>
                <texcoord v="0.562487" u="0.187563"/>
            </vertex>
            <vertex>
                <position z="0.125000" y="-0.062762" x="-0.500000"/>
                <normal z="-0.000000" y="1.000000" x="0.000000"/>
                <texcoord v="0.562487" u="0.250050"/>
            </vertex>
            <vertex>
                <position z="-0.000000" y="-0.062762" x="-0.500000"/>
                <normal z="-0.000000" y="1.000000" x="0.000000"/>
                <texcoord v="0.500000" u="0.250050"/>
            </vertex>
            <vertex>
                <position z="-0.000000" y="-0.062762" x="-0.625000"/>
                <normal z="-0.000000" y="1.000000" x="0.000000"/>
                <texcoord v="0.500000" u="0.187563"/>
            </vertex>
            <vertex>
                <position z="0.625000" y="-0.062762" x="-0.625000"/>
                <normal z="-0.000000" y="1.000000" x="0.000000"/>
                <texcoord v="0.812438" u="0.187563"/>
            </vertex>
            <vertex>
                <position z="0.625000" y="-0.062762" x="-0.500000"/>
                <normal z="-0.000000" y="1.000000" x="0.000000"/>
                <texcoord v="0.812438" u="0.250050"/>
            </vertex>
            <vertex>
                <position z="0.500000" y="-0.062762" x="-0.500000"/>
                <normal z="-0.000000" y="1.000000" x="0.000000"/>
                <texcoord v="0.749950" u="0.250050"/>
            </vertex>
            <vertex>
                <position z="0.500000" y="-0.062762" x="-0.625000"/>
                <normal z="-0.000000" y="1.000000" x="0.000000"/>
                <texcoord v="0.749950" u="0.187563"/>
            </vertex>
            <vertex>
                <position z="0.625000" y="-0.062762" x="-0.125000"/>
                <normal z="-0.000000" y="1.000000" x="0.000000"/>
                <texcoord v="0.812437" u="0.437513"/>
            </vertex>
            <vertex>
                <position z="0.625000" y="-0.062762" x="0.000000"/>
                <normal z="-0.000000" y="1.000000" x="0.000000"/>
                <texcoord v="0.812437" u="0.500000"/>
            </vertex>
            <vertex>
                <position z="0.500000" y="-0.062762" x="0.000000"/>
                <normal z="-0.000000" y="1.000000" x="0.000000"/>
                <texcoord v="0.749950" u="0.500000"/>
            </vertex>
            <vertex>
                <position z="0.500000" y="-0.062762" x="-0.125000"/>
                <normal z="-0.000000" y="1.000000" x="0.000000"/>
                <texcoord v="0.749950" u="0.437513"/>
            </vertex>
            <vertex>
                <position z="0.125000" y="-0.062762" x="0.375000"/>
                <normal z="-0.000000" y="1.000000" x="0.000000"/>
                <texcoord v="0.562487" u="0.687463"/>
            </vertex>
            <vertex>
                <position z="0.125000" y="-0.062762" x="0.500000"/>
                <normal z="-0.000000" y="1.000000" x="0.000000"/>
                <texcoord v="0.562487" u="0.749950"/>
            </vertex>
            <vertex>
                <position z="-0.000000" y="-0.062762" x="0.500000"/>
                <normal z="-0.000000" y="1.000000" x="0.000000"/>
                <texcoord v="0.500000" u="0.749950"/>
            </vertex>
            <vertex>
                <position z="-0.000000" y="-0.062762" x="0.375000"/>
                <normal z="-0.000000" y="1.000000" x="0.000000"/>
                <texcoord v="0.500000" u="0.687463"/>
            </vertex>
            <vertex>
                <position z="0.625000" y="-0.062762" x="0.375000"/>
                <normal z="-0.000000" y="1.000000" x="0.000000"/>
                <texcoord v="0.812437" u="0.687463"/>
            </vertex>
            <vertex>
                <position z="0.625000" y="-0.062762" x="0.500000"/>
                <normal z="-0.000000" y="1.000000" x="0.000000"/>
                <texcoord v="0.812437" u="0.749950"/>
            </vertex>
            <vertex>
                <position z="0.500000" y="-0.062762" x="0.500000"/>
                <normal z="-0.000000" y="1.000000" x="0.000000"/>
                <texcoord v="0.749950" u="0.749950"/>
            </vertex>
            <vertex>
                <position z="0.500000" y="-0.062762" x="0.375000"/>
                <normal z="-0.000000" y="1.000000" x="0.000000"/>
                <texcoord v="0.749950" u="0.687463"/>
            </vertex>
            <vertex>
                <position z="0.625000" y="-0.062762" x="0.875000"/>
                <normal z="-0.314920" y="0.949095" x="0.000000"/>
                <texcoord v="0.812437" u="0.937413"/>
            </vertex>
            <vertex>
                <position z="0.625000" y="-0.062762" x="1.000000"/>
                <normal z="-0.300394" y="0.905271" x="0.300394"/>
                <texcoord v="0.812437" u="0.999900"/>
            </vertex>
            <vertex>
                <position z="0.500000" y="-0.062762" x="1.000000"/>
                <normal z="-0.000000" y="1.000000" x="0.000000"/>
                <texcoord v="0.749950" u="0.999900"/>
            </vertex>
            <vertex>
                <position z="0.500000" y="-0.062762" x="0.875000"/>
                <normal z="-0.000000" y="1.000000" x="0.000000"/>
                <texcoord v="0.749950" u="0.937413"/>
            </vertex>
            <vertex>
                <position z="-0.875000" y="-0.062762" x="0.625000"/>
                <normal z="-0.000000" y="1.000000" x="0.000000"/>
                <texcoord v="0.062587" u="0.812438"/>
            </vertex>
            <vertex>
                <position z="-0.875000" y="-0.062762" x="0.750000"/>
                <normal z="-0.000000" y="1.000000" x="0.000000"/>
                <texcoord v="0.062587" u="0.874925"/>
            </vertex>
            <vertex>
                <position z="-1.000000" y="-0.062762" x="0.750000"/>
                <normal z="-0.000000" y="1.000000" x="0.000000"/>
                <texcoord v="0.000100" u="0.874925"/>
            </vertex>
            <vertex>
                <position z="-1.000000" y="-0.062762" x="0.625000"/>
                <normal z="-0.000000" y="1.000000" x="0.000000"/>
                <texcoord v="0.000100" u="0.812438"/>
            </vertex>
            <vertex>
                <position z="-0.625000" y="-0.062762" x="0.625000"/>
                <normal z="-0.000000" y="1.000000" x="0.000000"/>
                <texcoord v="0.187562" u="0.812438"/>
            </vertex>
            <vertex>
                <position z="-0.625000" y="-0.062762" x="0.750000"/>
                <normal z="-0.000000" y="1.000000" x="0.000000"/>
                <texcoord v="0.187562" u="0.874925"/>
            </vertex>
            <vertex>
                <position z="-0.750000" y="-0.062762" x="0.750000"/>
                <normal z="-0.000000" y="1.000000" x="0.000000"/>
                <texcoord v="0.125075" u="0.874925"/>
            </vertex>
            <vertex>
                <position z="-0.750000" y="-0.062762" x="0.625000"/>
                <normal z="-0.000000" y="1.000000" x="0.000000"/>
                <texcoord v="0.125075" u="0.812438"/>
            </vertex>
            <vertex>
                <position z="-0.625000" y="-0.062762" x="0.875000"/>
                <normal z="-0.000000" y="1.000000" x="0.000000"/>
                <texcoord v="0.187562" u="0.937413"/>
            </vertex>
            <vertex>
                <position z="-0.625000" y="-0.062762" x="1.000000"/>
                <normal z="-0.000000" y="1.000000" x="0.000000"/>
                <texcoord v="0.187562" u="0.999900"/>
            </vertex>
            <vertex>
                <position z="-0.750000" y="-0.062762" x="1.000000"/>
                <normal z="-0.000000" y="1.000000" x="0.000000"/>
                <texcoord v="0.125075" u="0.999900"/>
            </vertex>
            <vertex>
                <position z="-0.750000" y="-0.062762" x="0.875000"/>
                <normal z="-0.000000" y="1.000000" x="0.000000"/>
                <texcoord v="0.125075" u="0.937413"/>
            </vertex>
            <vertex>
                <position z="-0.875000" y="-0.062762" x="-0.375000"/>
                <normal z="-0.146214" y="0.978362" x="0.146214"/>
                <texcoord v="0.062587" u="0.312537"/>
            </vertex>
            <vertex>
                <position z="-0.875000" y="-0.062762" x="-0.250000"/>
                <normal z="-0.000000" y="1.000000" x="0.000000"/>
                <texcoord v="0.062587" u="0.375025"/>
            </vertex>
            <vertex>
                <position z="-1.000000" y="-0.062762" x="-0.250000"/>
                <normal z="-0.000000" y="1.000000" x="0.000000"/>
                <texcoord v="0.000100" u="0.375025"/>
            </vertex>
            <vertex>
                <position z="-1.000000" y="-0.062762" x="-0.375000"/>
                <normal z="-0.000000" y="1.000000" x="0.000000"/>
                <texcoord v="0.000100" u="0.312537"/>
            </vertex>
            <vertex>
                <position z="-0.625000" y="-0.062762" x="-0.375000"/>
                <normal z="0.146214" y="0.978362" x="0.146214"/>
                <texcoord v="0.187562" u="0.312537"/>
            </vertex>
            <vertex>
                <position z="-0.625000" y="-0.062762" x="-0.250000"/>
                <normal z="-0.000000" y="1.000000" x="0.000000"/>
                <texcoord v="0.187562" u="0.375025"/>
            </vertex>
            <vertex>
                <position z="-0.750000" y="-0.062762" x="-0.250000"/>
                <normal z="-0.000000" y="1.000000" x="0.000000"/>
                <texcoord v="0.125075" u="0.375025"/>
            </vertex>
            <vertex>
                <position z="-0.750000" y="-0.062762" x="-0.375000"/>
                <normal z="-0.000000" y="0.949095" x="0.314920"/>
                <texcoord v="0.125075" u="0.312537"/>
            </vertex>
            <vertex>
                <position z="-0.625000" y="-0.062762" x="-0.125000"/>
                <normal z="-0.000000" y="1.000000" x="0.000000"/>
                <texcoord v="0.187562" u="0.437513"/>
            </vertex>
            <vertex>
                <position z="-0.625000" y="-0.062762" x="0.000000"/>
                <normal z="-0.000000" y="1.000000" x="0.000000"/>
                <texcoord v="0.187562" u="0.500000"/>
            </vertex>
            <vertex>
                <position z="-0.750000" y="-0.062762" x="0.000000"/>
                <normal z="-0.000000" y="1.000000" x="0.000000"/>
                <texcoord v="0.125075" u="0.500000"/>
            </vertex>
            <vertex>
                <position z="-0.750000" y="-0.062762" x="-0.125000"/>
                <normal z="-0.000000" y="1.000000" x="0.000000"/>
                <texcoord v="0.125075" u="0.437512"/>
            </vertex>
            <vertex>
                <position z="0.125000" y="-0.062762" x="-0.375000"/>
                <normal z="-0.000000" y="1.000000" x="0.000000"/>
                <texcoord v="0.562487" u="0.312537"/>
            </vertex>
            <vertex>
                <position z="0.125000" y="-0.062762" x="-0.250000"/>
                <normal z="-0.000000" y="1.000000" x="0.000000"/>
                <texcoord v="0.562487" u="0.375025"/>
            </vertex>
            <vertex>
                <position z="-0.000000" y="-0.062762" x="-0.250000"/>
                <normal z="-0.000000" y="1.000000" x="0.000000"/>
                <texcoord v="0.500000" u="0.375025"/>
            </vertex>
            <vertex>
                <position z="-0.000000" y="-0.062762" x="-0.375000"/>
                <normal z="-0.000000" y="1.000000" x="0.000000"/>
                <texcoord v="0.500000" u="0.312537"/>
            </vertex>
            <vertex>
                <position z="0.375000" y="-0.062762" x="-0.375000"/>
                <normal z="-0.000000" y="1.000000" x="0.000000"/>
                <texcoord v="0.687463" u="0.312538"/>
            </vertex>
            <vertex>
                <position z="0.375000" y="-0.062762" x="-0.250000"/>
                <normal z="-0.000000" y="1.000000" x="0.000000"/>
                <texcoord v="0.687463" u="0.375025"/>
            </vertex>
            <vertex>
                <position z="0.250000" y="-0.062762" x="-0.250000"/>
                <normal z="-0.000000" y="1.000000" x="0.000000"/>
                <texcoord v="0.624975" u="0.375025"/>
            </vertex>
            <vertex>
                <position z="0.250000" y="-0.062762" x="-0.375000"/>
                <normal z="-0.000000" y="1.000000" x="0.000000"/>
                <texcoord v="0.624975" u="0.312538"/>
            </vertex>
            <vertex>
                <position z="0.375000" y="-0.062762" x="-0.125000"/>
                <normal z="-0.000000" y="1.000000" x="0.000000"/>
                <texcoord v="0.687463" u="0.437513"/>
            </vertex>
            <vertex>
                <position z="0.375000" y="-0.062762" x="0.000000"/>
                <normal z="-0.000000" y="1.000000" x="0.000000"/>
                <texcoord v="0.687463" u="0.500000"/>
            </vertex>
            <vertex>
                <position z="0.250000" y="-0.062762" x="0.000000"/>
                <normal z="-0.000000" y="1.000000" x="0.000000"/>
                <texcoord v="0.624975" u="0.500000"/>
            </vertex>
            <vertex>
                <position z="0.250000" y="-0.062762" x="-0.125000"/>
                <normal z="-0.000000" y="1.000000" x="0.000000"/>
                <texcoord v="0.624975" u="0.437513"/>
            </vertex>
            <vertex>
                <position z="0.125000" y="-0.062762" x="0.625000"/>
                <normal z="-0.000000" y="1.000000" x="0.000000"/>
                <texcoord v="0.562487" u="0.812438"/>
            </vertex>
            <vertex>
                <position z="0.125000" y="-0.062762" x="0.750000"/>
                <normal z="-0.000000" y="1.000000" x="0.000000"/>
                <texcoord v="0.562487" u="0.874925"/>
            </vertex>
            <vertex>
                <position z="-0.000000" y="-0.062762" x="0.750000"/>
                <normal z="-0.000000" y="1.000000" x="0.000000"/>
                <texcoord v="0.500000" u="0.874925"/>
            </vertex>
            <vertex>
                <position z="-0.000000" y="-0.062762" x="0.625000"/>
                <normal z="-0.000000" y="1.000000" x="0.000000"/>
                <texcoord v="0.500000" u="0.812438"/>
            </vertex>
            <vertex>
                <position z="0.375000" y="-0.062762" x="0.625000"/>
                <normal z="-0.000000" y="1.000000" x="0.000000"/>
                <texcoord v="0.687463" u="0.812438"/>
            </vertex>
            <vertex>
                <position z="0.375000" y="-0.062762" x="0.750000"/>
                <normal z="-0.000000" y="1.000000" x="0.000000"/>
                <texcoord v="0.687463" u="0.874925"/>
            </vertex>
            <vertex>
                <position z="0.250000" y="-0.062762" x="0.750000"/>
                <normal z="-0.000000" y="1.000000" x="0.000000"/>
                <texcoord v="0.624975" u="0.874925"/>
            </vertex>
            <vertex>
                <position z="0.250000" y="-0.062762" x="0.625000"/>
                <normal z="-0.000000" y="1.000000" x="0.000000"/>
                <texcoord v="0.624975" u="0.812438"/>
            </vertex>
            <vertex>
                <position z="0.375000" y="-0.062762" x="0.875000"/>
                <normal z="-0.000000" y="1.000000" x="0.000000"/>
                <texcoord v="0.687462" u="0.937413"/>
            </vertex>
            <vertex>
                <position z="0.375000" y="-0.062762" x="1.000000"/>
                <normal z="-0.000000" y="1.000000" x="0.000000"/>
                <texcoord v="0.687462" u="0.999900"/>
            </vertex>
            <vertex>
                <position z="0.250000" y="-0.062762" x="1.000000"/>
                <normal z="-0.000000" y="1.000000" x="0.000000"/>
                <texcoord v="0.624975" u="0.999900"/>
            </vertex>
            <vertex>
                <position z="0.250000" y="-0.062762" x="0.875000"/>
                <normal z="-0.000000" y="1.000000" x="0.000000"/>
                <texcoord v="0.624975" u="0.937413"/>
            </vertex>
            <vertex>
                <position z="-0.875000" y="-0.062762" x="0.125000"/>
                <normal z="-0.000000" y="1.000000" x="0.000000"/>
                <texcoord v="0.062587" u="0.562487"/>
            </vertex>
            <vertex>
                <position z="-0.875000" y="-0.062762" x="0.250000"/>
                <normal z="-0.000000" y="1.000000" x="0.000000"/>
                <texcoord v="0.062587" u="0.624975"/>
            </vertex>
            <vertex>
                <position z="-1.000000" y="-0.062762" x="0.250000"/>
                <normal z="-0.000000" y="1.000000" x="0.000000"/>
                <texcoord v="0.000100" u="0.624975"/>
            </vertex>
            <vertex>
                <position z="-1.000000" y="-0.062762" x="0.125000"/>
                <normal z="-0.000000" y="1.000000" x="0.000000"/>
                <texcoord v="0.000100" u="0.562487"/>
            </vertex>
            <vertex>
                <position z="-0.625000" y="-0.062762" x="0.125000"/>
                <normal z="-0.000000" y="1.000000" x="0.000000"/>
                <texcoord v="0.187562" u="0.562487"/>
            </vertex>
            <vertex>
                <position z="-0.625000" y="-0.062762" x="0.250000"/>
                <normal z="-0.000000" y="1.000000" x="0.000000"/>
                <texcoord v="0.187562" u="0.624975"/>
            </vertex>
            <vertex>
                <position z="-0.750000" y="-0.062762" x="0.250000"/>
                <normal z="-0.000000" y="1.000000" x="0.000000"/>
                <texcoord v="0.125075" u="0.624975"/>
            </vertex>
            <vertex>
                <position z="-0.750000" y="-0.062762" x="0.125000"/>
                <normal z="-0.000000" y="1.000000" x="0.000000"/>
                <texcoord v="0.125075" u="0.562487"/>
            </vertex>
            <vertex>
                <position z="-0.625000" y="-0.062762" x="0.375000"/>
                <normal z="-0.000000" y="1.000000" x="0.000000"/>
                <texcoord v="0.187562" u="0.687463"/>
            </vertex>
            <vertex>
                <position z="-0.625000" y="-0.062762" x="0.500000"/>
                <normal z="-0.000000" y="1.000000" x="0.000000"/>
                <texcoord v="0.187562" u="0.749950"/>
            </vertex>
            <vertex>
                <position z="-0.750000" y="-0.062762" x="0.500000"/>
                <normal z="-0.000000" y="1.000000" x="0.000000"/>
                <texcoord v="0.125075" u="0.749950"/>
            </vertex>
            <vertex>
                <position z="-0.750000" y="-0.062762" x="0.375000"/>
                <normal z="-0.000000" y="1.000000" x="0.000000"/>
                <texcoord v="0.125075" u="0.687463"/>
            </vertex>
            <vertex>
                <position z="-0.375000" y="-0.062762" x="0.125000"/>
                <normal z="-0.000000" y="1.000000" x="0.000000"/>
                <texcoord v="0.312537" u="0.562487"/>
            </vertex>
            <vertex>
                <position z="-0.375000" y="-0.062762" x="0.250000"/>
                <normal z="-0.000000" y="1.000000" x="0.000000"/>
                <texcoord v="0.312537" u="0.624975"/>
            </vertex>
            <vertex>
                <position z="-0.500000" y="-0.062762" x="0.250000"/>
                <normal z="-0.000000" y="1.000000" x="0.000000"/>
                <texcoord v="0.250050" u="0.624975"/>
            </vertex>
            <vertex>
                <position z="-0.500000" y="-0.062762" x="0.125000"/>
                <normal z="-0.000000" y="1.000000" x="0.000000"/>
                <texcoord v="0.250050" u="0.562487"/>
            </vertex>
            <vertex>
                <position z="-0.125000" y="-0.062762" x="0.125000"/>
                <normal z="-0.000000" y="1.000000" x="0.000000"/>
                <texcoord v="0.437513" u="0.562487"/>
            </vertex>
            <vertex>
                <position z="-0.125000" y="-0.062762" x="0.250000"/>
                <normal z="-0.000000" y="1.000000" x="0.000000"/>
                <texcoord v="0.437513" u="0.624975"/>
            </vertex>
            <vertex>
                <position z="-0.250000" y="-0.062762" x="0.250000"/>
                <normal z="-0.000000" y="1.000000" x="0.000000"/>
                <texcoord v="0.375025" u="0.624975"/>
            </vertex>
            <vertex>
                <position z="-0.250000" y="-0.062762" x="0.125000"/>
                <normal z="-0.000000" y="1.000000" x="0.000000"/>
                <texcoord v="0.375025" u="0.562487"/>
            </vertex>
            <vertex>
                <position z="-0.125000" y="-0.062762" x="0.375000"/>
                <normal z="-0.000000" y="1.000000" x="0.000000"/>
                <texcoord v="0.437513" u="0.687463"/>
            </vertex>
            <vertex>
                <position z="-0.125000" y="-0.062762" x="0.500000"/>
                <normal z="-0.000000" y="1.000000" x="0.000000"/>
                <texcoord v="0.437513" u="0.749950"/>
            </vertex>
            <vertex>
                <position z="-0.250000" y="-0.062762" x="0.500000"/>
                <normal z="-0.000000" y="1.000000" x="0.000000"/>
                <texcoord v="0.375025" u="0.749950"/>
            </vertex>
            <vertex>
                <position z="-0.250000" y="-0.062762" x="0.375000"/>
                <normal z="-0.000000" y="1.000000" x="0.000000"/>
                <texcoord v="0.375025" u="0.687463"/>
            </vertex>
            <vertex>
                <position z="-0.375000" y="-0.062762" x="0.625000"/>
                <normal z="-0.000000" y="1.000000" x="0.000000"/>
                <texcoord v="0.312537" u="0.812438"/>
            </vertex>
            <vertex>
                <position z="-0.375000" y="-0.062762" x="0.750000"/>
                <normal z="-0.000000" y="1.000000" x="0.000000"/>
                <texcoord v="0.312537" u="0.874925"/>
            </vertex>
            <vertex>
                <position z="-0.500000" y="-0.062762" x="0.750000"/>
                <normal z="-0.000000" y="1.000000" x="0.000000"/>
                <texcoord v="0.250050" u="0.874925"/>
            </vertex>
            <vertex>
                <position z="-0.500000" y="-0.062762" x="0.625000"/>
                <normal z="-0.000000" y="1.000000" x="0.000000"/>
                <texcoord v="0.250050" u="0.812438"/>
            </vertex>
            <vertex>
                <position z="-0.125000" y="-0.062762" x="0.625000"/>
                <normal z="-0.000000" y="1.000000" x="0.000000"/>
                <texcoord v="0.437513" u="0.812438"/>
            </vertex>
            <vertex>
                <position z="-0.125000" y="-0.062762" x="0.750000"/>
                <normal z="-0.000000" y="1.000000" x="0.000000"/>
                <texcoord v="0.437513" u="0.874925"/>
            </vertex>
            <vertex>
                <position z="-0.250000" y="-0.062762" x="0.750000"/>
                <normal z="-0.000000" y="1.000000" x="0.000000"/>
                <texcoord v="0.375025" u="0.874925"/>
            </vertex>
            <vertex>
                <position z="-0.250000" y="-0.062762" x="0.625000"/>
                <normal z="-0.000000" y="1.000000" x="0.000000"/>
                <texcoord v="0.375025" u="0.812438"/>
            </vertex>
            <vertex>
                <position z="-0.125000" y="-0.062762" x="0.875000"/>
                <normal z="-0.000000" y="1.000000" x="0.000000"/>
                <texcoord v="0.437512" u="0.937413"/>
            </vertex>
            <vertex>
                <position z="-0.125000" y="-0.062762" x="1.000000"/>
                <normal z="-0.000000" y="1.000000" x="0.000000"/>
                <texcoord v="0.437512" u="0.999900"/>
            </vertex>
            <vertex>
                <position z="-0.250000" y="-0.062762" x="1.000000"/>
                <normal z="-0.000000" y="1.000000" x="0.000000"/>
                <texcoord v="0.375025" u="0.999900"/>
            </vertex>
            <vertex>
                <position z="-0.250000" y="-0.062762" x="0.875000"/>
                <normal z="-0.000000" y="1.000000" x="0.000000"/>
                <texcoord v="0.375025" u="0.937413"/>
            </vertex>
            <vertex>
                <position z="-0.875000" y="-0.062762" x="-0.875000"/>
                <normal z="-0.000000" y="1.000000" x="0.000000"/>
                <texcoord v="0.062587" u="0.062587"/>
            </vertex>
            <vertex>
                <position z="-0.875000" y="-0.062762" x="-0.750000"/>
                <normal z="-0.146214" y="0.978362" x="-0.146214"/>
                <texcoord v="0.062587" u="0.125075"/>
            </vertex>
            <vertex>
                <position z="-1.000000" y="-0.062762" x="-0.750000"/>
                <normal z="-0.000000" y="1.000000" x="0.000000"/>
                <texcoord v="0.000100" u="0.125075"/>
            </vertex>
            <vertex>
                <position z="-1.000000" y="-0.062762" x="-0.875000"/>
                <normal z="-0.000000" y="1.000000" x="0.000000"/>
                <texcoord v="0.000100" u="0.062587"/>
            </vertex>
            <vertex>
                <position z="-0.625000" y="-0.062762" x="-0.875000"/>
                <normal z="-0.000000" y="1.000000" x="0.000000"/>
                <texcoord v="0.187562" u="0.062588"/>
            </vertex>
            <vertex>
                <position z="-0.625000" y="-0.062762" x="-0.750000"/>
                <normal z="0.146214" y="0.978362" x="-0.146214"/>
                <texcoord v="0.187562" u="0.125075"/>
            </vertex>
            <vertex>
                <position z="-0.750000" y="-0.062762" x="-0.750000"/>
                <normal z="-0.000000" y="0.949095" x="-0.314920"/>
                <texcoord v="0.125075" u="0.125075"/>
            </vertex>
            <vertex>
                <position z="-0.750000" y="-0.062762" x="-0.875000"/>
                <normal z="-0.000000" y="1.000000" x="0.000000"/>
                <texcoord v="0.125075" u="0.062587"/>
            </vertex>
            <vertex>
                <position z="-0.625000" y="-0.062762" x="-0.625000"/>
                <normal z="0.403088" y="0.901761" x="-0.155919"/>
                <texcoord v="0.187562" u="0.187562"/>
            </vertex>
            <vertex>
                <position z="-0.625000" y="-0.062762" x="-0.500000"/>
                <normal z="0.403088" y="0.901761" x="0.155919"/>
                <texcoord v="0.187562" u="0.250050"/>
            </vertex>
            <vertex>
                <position z="-0.750000" y="0.150006" x="-0.500000"/>
                <normal z="-0.000000" y="0.953703" x="0.300668"/>
                <texcoord v="0.125075" u="0.250050"/>
            </vertex>
            <vertex>
                <position z="-0.750000" y="0.150006" x="-0.625000"/>
                <normal z="-0.000000" y="0.953703" x="-0.300668"/>
                <texcoord v="0.125075" u="0.187562"/>
            </vertex>
            <vertex>
                <position z="-0.375000" y="-0.062762" x="-0.875000"/>
                <normal z="-0.000000" y="0.949095" x="-0.314920"/>
                <texcoord v="0.312537" u="0.062588"/>
            </vertex>
            <vertex>
                <position z="-0.375000" y="0.150006" x="-0.750000"/>
                <normal z="-0.000000" y="1.000000" x="0.000000"/>
                <texcoord v="0.312537" u="0.125075"/>
            </vertex>
            <vertex>
                <position z="-0.500000" y="-0.062762" x="-0.750000"/>
                <normal z="-0.314920" y="0.949095" x="0.000000"/>
                <texcoord v="0.250050" u="0.125075"/>
            </vertex>
            <vertex>
                <position z="-0.500000" y="-0.062762" x="-0.875000"/>
                <normal z="-0.146214" y="0.978362" x="-0.146214"/>
                <texcoord v="0.250050" u="0.062588"/>
            </vertex>
            <vertex>
                <position z="-0.125000" y="-0.062762" x="-0.875000"/>
                <normal z="-0.000000" y="1.000000" x="0.000000"/>
                <texcoord v="0.437513" u="0.062588"/>
            </vertex>
            <vertex>
                <position z="-0.125000" y="-0.062762" x="-0.750000"/>
                <normal z="-0.000000" y="1.000000" x="0.000000"/>
                <texcoord v="0.437513" u="0.125075"/>
            </vertex>
            <vertex>
                <position z="-0.250000" y="-0.062762" x="-0.750000"/>
                <normal z="0.314920" y="0.949095" x="0.000000"/>
                <texcoord v="0.375025" u="0.125075"/>
            </vertex>
            <vertex>
                <position z="-0.250000" y="-0.062762" x="-0.875000"/>
                <normal z="0.146214" y="0.978362" x="-0.146214"/>
                <texcoord v="0.375025" u="0.062588"/>
            </vertex>
            <vertex>
                <position z="-0.125000" y="-0.062762" x="-0.625000"/>
                <normal z="-0.000000" y="1.000000" x="0.000000"/>
                <texcoord v="0.437513" u="0.187563"/>
            </vertex>
            <vertex>
                <position z="-0.125000" y="-0.062762" x="-0.500000"/>
                <normal z="-0.000000" y="1.000000" x="0.000000"/>
                <texcoord v="0.437513" u="0.250050"/>
            </vertex>
            <vertex>
                <position z="-0.250000" y="-0.062762" x="-0.500000"/>
                <normal z="-0.000000" y="1.000000" x="0.000000"/>
                <texcoord v="0.375025" u="0.250050"/>
            </vertex>
            <vertex>
                <position z="-0.250000" y="-0.062762" x="-0.625000"/>
                <normal z="0.146214" y="0.978362" x="0.146214"/>
                <texcoord v="0.375025" u="0.187563"/>
            </vertex>
            <vertex>
                <position z="-0.375000" y="-0.062762" x="-0.375000"/>
                <normal z="-0.000000" y="1.000000" x="0.000000"/>
                <texcoord v="0.312537" u="0.312537"/>
            </vertex>
            <vertex>
                <position z="-0.375000" y="-0.062762" x="-0.250000"/>
                <normal z="-0.000000" y="1.000000" x="0.000000"/>
                <texcoord v="0.312537" u="0.375025"/>
            </vertex>
            <vertex>
                <position z="-0.500000" y="-0.062762" x="-0.250000"/>
                <normal z="-0.000000" y="1.000000" x="0.000000"/>
                <texcoord v="0.250050" u="0.375025"/>
            </vertex>
            <vertex>
                <position z="-0.500000" y="-0.062762" x="-0.375000"/>
                <normal z="-0.000000" y="1.000000" x="0.000000"/>
                <texcoord v="0.250050" u="0.312537"/>
            </vertex>
            <vertex>
                <position z="-0.125000" y="-0.062762" x="-0.375000"/>
                <normal z="-0.000000" y="1.000000" x="0.000000"/>
                <texcoord v="0.437513" u="0.312537"/>
            </vertex>
            <vertex>
                <position z="-0.125000" y="-0.062762" x="-0.250000"/>
                <normal z="-0.000000" y="1.000000" x="0.000000"/>
                <texcoord v="0.437513" u="0.375025"/>
            </vertex>
            <vertex>
                <position z="-0.250000" y="-0.062762" x="-0.250000"/>
                <normal z="-0.000000" y="1.000000" x="0.000000"/>
                <texcoord v="0.375025" u="0.375025"/>
            </vertex>
            <vertex>
                <position z="-0.250000" y="-0.062762" x="-0.375000"/>
                <normal z="-0.000000" y="1.000000" x="0.000000"/>
                <texcoord v="0.375025" u="0.312537"/>
            </vertex>
            <vertex>
                <position z="-0.125000" y="-0.062762" x="-0.125000"/>
                <normal z="-0.000000" y="1.000000" x="0.000000"/>
                <texcoord v="0.437513" u="0.437513"/>
            </vertex>
            <vertex>
                <position z="-0.125000" y="-0.062762" x="0.000000"/>
                <normal z="-0.000000" y="1.000000" x="0.000000"/>
                <texcoord v="0.437513" u="0.500000"/>
            </vertex>
            <vertex>
                <position z="-0.250000" y="-0.062762" x="0.000000"/>
                <normal z="-0.000000" y="1.000000" x="0.000000"/>
                <texcoord v="0.375025" u="0.500000"/>
            </vertex>
            <vertex>
                <position z="-0.250000" y="-0.062762" x="-0.125000"/>
                <normal z="-0.000000" y="1.000000" x="0.000000"/>
                <texcoord v="0.375025" u="0.437513"/>
            </vertex>
            <vertex>
                <position z="0.125000" y="-0.062762" x="-0.875000"/>
                <normal z="-0.000000" y="1.000000" x="0.000000"/>
                <texcoord v="0.562488" u="0.062588"/>
            </vertex>
            <vertex>
                <position z="0.125000" y="-0.062762" x="-0.750000"/>
                <normal z="-0.000000" y="1.000000" x="0.000000"/>
                <texcoord v="0.562487" u="0.125075"/>
            </vertex>
            <vertex>
                <position z="-0.000000" y="-0.062762" x="-0.750000"/>
                <normal z="-0.000000" y="1.000000" x="0.000000"/>
                <texcoord v="0.500000" u="0.125075"/>
            </vertex>
            <vertex>
                <position z="-0.000000" y="-0.062762" x="-0.875000"/>
                <normal z="-0.000000" y="1.000000" x="0.000000"/>
                <texcoord v="0.500000" u="0.062588"/>
            </vertex>
            <vertex>
                <position z="0.375000" y="-0.062762" x="-0.875000"/>
                <normal z="-0.000000" y="1.000000" x="0.000000"/>
                <texcoord v="0.687463" u="0.062588"/>
            </vertex>
            <vertex>
                <position z="0.375000" y="-0.062762" x="-0.750000"/>
                <normal z="-0.000000" y="1.000000" x="0.000000"/>
                <texcoord v="0.687463" u="0.125075"/>
            </vertex>
            <vertex>
                <position z="0.250000" y="-0.062762" x="-0.750000"/>
                <normal z="-0.000000" y="1.000000" x="0.000000"/>
                <texcoord v="0.624975" u="0.125075"/>
            </vertex>
            <vertex>
                <position z="0.250000" y="-0.062762" x="-0.875000"/>
                <normal z="-0.000000" y="1.000000" x="0.000000"/>
                <texcoord v="0.624975" u="0.062588"/>
            </vertex>
            <vertex>
                <position z="0.375000" y="-0.062762" x="-0.625000"/>
                <normal z="-0.000000" y="1.000000" x="0.000000"/>
                <texcoord v="0.687463" u="0.187563"/>
            </vertex>
            <vertex>
                <position z="0.375000" y="-0.062762" x="-0.500000"/>
                <normal z="-0.000000" y="1.000000" x="0.000000"/>
                <texcoord v="0.687463" u="0.250050"/>
            </vertex>
            <vertex>
                <position z="0.250000" y="-0.062762" x="-0.500000"/>
                <normal z="-0.000000" y="1.000000" x="0.000000"/>
                <texcoord v="0.624975" u="0.250050"/>
            </vertex>
            <vertex>
                <position z="0.250000" y="-0.062762" x="-0.625000"/>
                <normal z="-0.000000" y="1.000000" x="0.000000"/>
                <texcoord v="0.624975" u="0.187563"/>
            </vertex>
            <vertex>
                <position z="0.625000" y="-0.062762" x="-0.875000"/>
                <normal z="-0.000000" y="1.000000" x="0.000000"/>
                <texcoord v="0.812438" u="0.062588"/>
            </vertex>
            <vertex>
                <position z="0.625000" y="-0.062762" x="-0.750000"/>
                <normal z="-0.000000" y="1.000000" x="0.000000"/>
                <texcoord v="0.812438" u="0.125075"/>
            </vertex>
            <vertex>
                <position z="0.500000" y="-0.062762" x="-0.750000"/>
                <normal z="-0.000000" y="1.000000" x="0.000000"/>
                <texcoord v="0.749950" u="0.125075"/>
            </vertex>
            <vertex>
                <position z="0.500000" y="-0.062762" x="-0.875000"/>
                <normal z="-0.000000" y="1.000000" x="0.000000"/>
                <texcoord v="0.749950" u="0.062588"/>
            </vertex>
            <vertex>
                <position z="0.875000" y="-0.062762" x="-0.875000"/>
                <normal z="-0.000000" y="1.000000" x="0.000000"/>
                <texcoord v="0.937413" u="0.062588"/>
            </vertex>
            <vertex>
                <position z="0.875000" y="-0.062762" x="-0.750000"/>
                <normal z="-0.000000" y="1.000000" x="0.000000"/>
                <texcoord v="0.937413" u="0.125075"/>
            </vertex>
            <vertex>
                <position z="0.750000" y="-0.062762" x="-0.750000"/>
                <normal z="-0.000000" y="1.000000" x="0.000000"/>
                <texcoord v="0.874925" u="0.125075"/>
            </vertex>
            <vertex>
                <position z="0.750000" y="-0.062762" x="-0.875000"/>
                <normal z="-0.000000" y="1.000000" x="0.000000"/>
                <texcoord v="0.874925" u="0.062588"/>
            </vertex>
            <vertex>
                <position z="0.875000" y="-0.062762" x="-0.625000"/>
                <normal z="-0.000000" y="1.000000" x="0.000000"/>
                <texcoord v="0.937413" u="0.187563"/>
            </vertex>
            <vertex>
                <position z="0.875000" y="-0.062762" x="-0.500000"/>
                <normal z="-0.000000" y="1.000000" x="0.000000"/>
                <texcoord v="0.937413" u="0.250050"/>
            </vertex>
            <vertex>
                <position z="0.750000" y="-0.062762" x="-0.500000"/>
                <normal z="-0.000000" y="1.000000" x="0.000000"/>
                <texcoord v="0.874925" u="0.250050"/>
            </vertex>
            <vertex>
                <position z="0.750000" y="-0.062762" x="-0.625000"/>
                <normal z="-0.000000" y="1.000000" x="0.000000"/>
                <texcoord v="0.874925" u="0.187563"/>
            </vertex>
            <vertex>
                <position z="0.625000" y="-0.062762" x="-0.375000"/>
                <normal z="-0.000000" y="1.000000" x="0.000000"/>
                <texcoord v="0.812437" u="0.312538"/>
            </vertex>
            <vertex>
                <position z="0.625000" y="-0.062762" x="-0.250000"/>
                <normal z="-0.000000" y="1.000000" x="0.000000"/>
                <texcoord v="0.812437" u="0.375025"/>
            </vertex>
            <vertex>
                <position z="0.500000" y="-0.062762" x="-0.250000"/>
                <normal z="-0.000000" y="1.000000" x="0.000000"/>
                <texcoord v="0.749950" u="0.375025"/>
            </vertex>
            <vertex>
                <position z="0.500000" y="-0.062762" x="-0.375000"/>
                <normal z="-0.000000" y="1.000000" x="0.000000"/>
                <texcoord v="0.749950" u="0.312538"/>
            </vertex>
            <vertex>
                <position z="0.875000" y="-0.062762" x="-0.375000"/>
                <normal z="-0.000000" y="1.000000" x="0.000000"/>
                <texcoord v="0.937412" u="0.312538"/>
            </vertex>
            <vertex>
                <position z="0.875000" y="-0.062762" x="-0.250000"/>
                <normal z="-0.000000" y="1.000000" x="0.000000"/>
                <texcoord v="0.937412" u="0.375025"/>
            </vertex>
            <vertex>
                <position z="0.750000" y="-0.062762" x="-0.250000"/>
                <normal z="-0.000000" y="1.000000" x="0.000000"/>
                <texcoord v="0.874925" u="0.375025"/>
            </vertex>
            <vertex>
                <position z="0.750000" y="-0.062762" x="-0.375000"/>
                <normal z="-0.000000" y="1.000000" x="0.000000"/>
                <texcoord v="0.874925" u="0.312538"/>
            </vertex>
            <vertex>
                <position z="0.875000" y="-0.062762" x="-0.125000"/>
                <normal z="-0.000000" y="1.000000" x="0.000000"/>
                <texcoord v="0.937412" u="0.437513"/>
            </vertex>
            <vertex>
                <position z="0.875000" y="-0.062762" x="0.000000"/>
                <normal z="-0.000000" y="1.000000" x="0.000000"/>
                <texcoord v="0.937412" u="0.500000"/>
            </vertex>
            <vertex>
                <position z="0.750000" y="-0.062762" x="0.000000"/>
                <normal z="-0.000000" y="1.000000" x="0.000000"/>
                <texcoord v="0.874925" u="0.500000"/>
            </vertex>
            <vertex>
                <position z="0.750000" y="-0.062762" x="-0.125000"/>
                <normal z="-0.000000" y="1.000000" x="0.000000"/>
                <texcoord v="0.874925" u="0.437513"/>
            </vertex>
            <vertex>
                <position z="0.125000" y="-0.062762" x="0.125000"/>
                <normal z="-0.000000" y="1.000000" x="0.000000"/>
                <texcoord v="0.562487" u="0.562487"/>
            </vertex>
            <vertex>
                <position z="0.125000" y="-0.062762" x="0.250000"/>
                <normal z="-0.000000" y="1.000000" x="0.000000"/>
                <texcoord v="0.562487" u="0.624975"/>
            </vertex>
            <vertex>
                <position z="-0.000000" y="-0.062762" x="0.250000"/>
                <normal z="-0.000000" y="1.000000" x="0.000000"/>
                <texcoord v="0.500000" u="0.624975"/>
            </vertex>
            <vertex>
                <position z="-0.000000" y="-0.062762" x="0.125000"/>
                <normal z="-0.000000" y="1.000000" x="0.000000"/>
                <texcoord v="0.500000" u="0.562487"/>
            </vertex>
            <vertex>
                <position z="0.375000" y="-0.062762" x="0.125000"/>
                <normal z="-0.000000" y="1.000000" x="0.000000"/>
                <texcoord v="0.687463" u="0.562487"/>
            </vertex>
            <vertex>
                <position z="0.375000" y="-0.062762" x="0.250000"/>
                <normal z="-0.000000" y="1.000000" x="0.000000"/>
                <texcoord v="0.687463" u="0.624975"/>
            </vertex>
            <vertex>
                <position z="0.250000" y="-0.062762" x="0.250000"/>
                <normal z="-0.000000" y="1.000000" x="0.000000"/>
                <texcoord v="0.624975" u="0.624975"/>
            </vertex>
            <vertex>
                <position z="0.250000" y="-0.062762" x="0.125000"/>
                <normal z="-0.000000" y="1.000000" x="0.000000"/>
                <texcoord v="0.624975" u="0.562487"/>
            </vertex>
            <vertex>
                <position z="0.375000" y="-0.062762" x="0.375000"/>
                <normal z="-0.000000" y="1.000000" x="0.000000"/>
                <texcoord v="0.687463" u="0.687463"/>
            </vertex>
            <vertex>
                <position z="0.375000" y="-0.062762" x="0.500000"/>
                <normal z="-0.000000" y="1.000000" x="0.000000"/>
                <texcoord v="0.687463" u="0.749950"/>
            </vertex>
            <vertex>
                <position z="0.250000" y="-0.062762" x="0.500000"/>
                <normal z="-0.000000" y="1.000000" x="0.000000"/>
                <texcoord v="0.624975" u="0.749950"/>
            </vertex>
            <vertex>
                <position z="0.250000" y="-0.062762" x="0.375000"/>
                <normal z="-0.000000" y="1.000000" x="0.000000"/>
                <texcoord v="0.624975" u="0.687463"/>
            </vertex>
            <vertex>
                <position z="0.625000" y="-0.062762" x="0.125000"/>
                <normal z="-0.000000" y="1.000000" x="0.000000"/>
                <texcoord v="0.812437" u="0.562487"/>
            </vertex>
            <vertex>
                <position z="0.625000" y="-0.062762" x="0.250000"/>
                <normal z="-0.000000" y="1.000000" x="0.000000"/>
                <texcoord v="0.812437" u="0.624975"/>
            </vertex>
            <vertex>
                <position z="0.500000" y="-0.062762" x="0.250000"/>
                <normal z="-0.000000" y="1.000000" x="0.000000"/>
                <texcoord v="0.749950" u="0.624975"/>
            </vertex>
            <vertex>
                <position z="0.500000" y="-0.062762" x="0.125000"/>
                <normal z="-0.000000" y="1.000000" x="0.000000"/>
                <texcoord v="0.749950" u="0.562487"/>
            </vertex>
            <vertex>
                <position z="0.875000" y="-0.062762" x="0.125000"/>
                <normal z="-0.000000" y="1.000000" x="0.000000"/>
                <texcoord v="0.937412" u="0.562488"/>
            </vertex>
            <vertex>
                <position z="0.875000" y="-0.062762" x="0.250000"/>
                <normal z="-0.000000" y="0.949095" x="-0.314920"/>
                <texcoord v="0.937412" u="0.624975"/>
            </vertex>
            <vertex>
                <position z="0.750000" y="-0.062762" x="0.250000"/>
                <normal z="-0.146214" y="0.978362" x="-0.146214"/>
                <texcoord v="0.874925" u="0.624975"/>
            </vertex>
            <vertex>
                <position z="0.750000" y="-0.062762" x="0.125000"/>
                <normal z="-0.000000" y="1.000000" x="0.000000"/>
                <texcoord v="0.874925" u="0.562488"/>
            </vertex>
            <vertex>
                <position z="0.875000" y="0.150006" x="0.375000"/>
                <normal z="-0.000000" y="0.953703" x="-0.300668"/>
                <texcoord v="0.937412" u="0.687463"/>
            </vertex>
            <vertex>
                <position z="0.875000" y="0.150006" x="0.500000"/>
                <normal z="-0.000000" y="0.953703" x="0.300668"/>
                <texcoord v="0.937412" u="0.749950"/>
            </vertex>
            <vertex>
                <position z="0.750000" y="-0.062762" x="0.500000"/>
                <normal z="-0.403088" y="0.901761" x="0.155919"/>
                <texcoord v="0.874925" u="0.749950"/>
            </vertex>
            <vertex>
                <position z="0.750000" y="-0.062762" x="0.375000"/>
                <normal z="-0.403088" y="0.901761" x="-0.155919"/>
                <texcoord v="0.874925" u="0.687463"/>
            </vertex>
            <vertex>
                <position z="0.625000" y="-0.062762" x="0.625000"/>
                <normal z="-0.000000" y="1.000000" x="0.000000"/>
                <texcoord v="0.812437" u="0.812438"/>
            </vertex>
            <vertex>
                <position z="0.625000" y="-0.062762" x="0.750000"/>
                <normal z="-0.146214" y="0.978362" x="-0.146214"/>
                <texcoord v="0.812437" u="0.874925"/>
            </vertex>
            <vertex>
                <position z="0.500000" y="-0.062762" x="0.750000"/>
                <normal z="-0.000000" y="1.000000" x="0.000000"/>
                <texcoord v="0.749950" u="0.874925"/>
            </vertex>
            <vertex>
                <position z="0.500000" y="-0.062762" x="0.625000"/>
                <normal z="-0.000000" y="1.000000" x="0.000000"/>
                <texcoord v="0.749950" u="0.812438"/>
            </vertex>
            <vertex>
                <position z="0.875000" y="-0.062762" x="0.625000"/>
                <normal z="-0.000000" y="0.949095" x="0.314920"/>
                <texcoord v="0.937412" u="0.812438"/>
            </vertex>
            <vertex>
                <position z="0.875000" y="-0.062762" x="0.750000"/>
                <normal z="0.146214" y="0.978362" x="-0.146214"/>
                <texcoord v="0.937412" u="0.874925"/>
            </vertex>
            <vertex>
                <position z="0.750000" y="-0.062762" x="0.750000"/>
                <normal z="-0.000000" y="0.949095" x="-0.314920"/>
                <texcoord v="0.874925" u="0.874925"/>
            </vertex>
            <vertex>
                <position z="0.750000" y="-0.062762" x="0.625000"/>
                <normal z="-0.146214" y="0.978362" x="0.146214"/>
                <texcoord v="0.874925" u="0.812438"/>
            </vertex>
            <vertex>
                <position z="0.875000" y="-0.062762" x="0.875000"/>
                <normal z="0.314920" y="0.949095" x="0.000000"/>
                <texcoord v="0.937412" u="0.937413"/>
            </vertex>
            <vertex>
                <position z="0.875000" y="-0.062762" x="1.000000"/>
                <normal z="0.300394" y="0.905271" x="0.300394"/>
                <texcoord v="0.937412" u="0.999900"/>
            </vertex>
            <vertex>
                <position z="0.750000" y="-0.062762" x="1.000000"/>
                <normal z="-0.000000" y="0.761528" x="0.648122"/>
                <texcoord v="0.874925" u="0.999900"/>
            </vertex>
            <vertex>
                <position z="0.750000" y="0.150006" x="0.875000"/>
                <normal z="-0.000000" y="1.000000" x="0.000000"/>
                <texcoord v="0.874925" u="0.937413"/>
            </vertex>
            <vertex>
                <position z="-0.875000" y="-0.062762" x="-1.000000"/>
                <normal z="-0.000000" y="1.000000" x="0.000000"/>
                <texcoord v="0.062587" u="0.000100"/>
            </vertex>
            <vertex>
                <position z="-1.000000" y="-0.062762" x="-1.000000"/>
                <normal z="-0.000000" y="1.000000" x="0.000000"/>
                <texcoord v="0.000100" u="0.000100"/>
            </vertex>
            <vertex>
                <position z="-0.750000" y="-0.062762" x="-1.000000"/>
                <normal z="-0.000000" y="1.000000" x="0.000000"/>
                <texcoord v="0.125075" u="0.000100"/>
            </vertex>
            <vertex>
                <position z="-0.625000" y="-0.062762" x="-1.000000"/>
                <normal z="-0.000000" y="1.000000" x="0.000000"/>
                <texcoord v="0.187562" u="0.000100"/>
            </vertex>
            <vertex>
                <position z="-0.500000" y="-0.062762" x="-1.000000"/>
                <normal z="-0.000000" y="1.000000" x="0.000000"/>
                <texcoord v="0.250050" u="0.000100"/>
            </vertex>
            <vertex>
                <position z="-0.375000" y="-0.062762" x="-1.000000"/>
                <normal z="-0.000000" y="1.000000" x="0.000000"/>
                <texcoord v="0.312537" u="0.000100"/>
            </vertex>
            <vertex>
                <position z="-0.250000" y="-0.062762" x="-1.000000"/>
                <normal z="-0.000000" y="1.000000" x="0.000000"/>
                <texcoord v="0.375025" u="0.000100"/>
            </vertex>
            <vertex>
                <position z="-0.125000" y="-0.062762" x="-1.000000"/>
                <normal z="-0.000000" y="1.000000" x="0.000000"/>
                <texcoord v="0.437513" u="0.000100"/>
            </vertex>
            <vertex>
                <position z="-0.000000" y="-0.062762" x="-1.000000"/>
                <normal z="-0.000000" y="1.000000" x="0.000000"/>
                <texcoord v="0.500000" u="0.000100"/>
            </vertex>
            <vertex>
                <position z="0.125000" y="-0.062762" x="-1.000000"/>
                <normal z="-0.000000" y="1.000000" x="0.000000"/>
                <texcoord v="0.562488" u="0.000100"/>
            </vertex>
            <vertex>
                <position z="0.250000" y="-0.062762" x="-1.000000"/>
                <normal z="-0.000000" y="1.000000" x="0.000000"/>
                <texcoord v="0.624975" u="0.000100"/>
            </vertex>
            <vertex>
                <position z="0.375000" y="-0.062762" x="-1.000000"/>
                <normal z="-0.000000" y="1.000000" x="0.000000"/>
                <texcoord v="0.687463" u="0.000100"/>
            </vertex>
            <vertex>
                <position z="0.500000" y="-0.062762" x="-1.000000"/>
                <normal z="-0.000000" y="1.000000" x="0.000000"/>
                <texcoord v="0.749950" u="0.000100"/>
            </vertex>
            <vertex>
                <position z="0.625000" y="-0.062762" x="-1.000000"/>
                <normal z="-0.000000" y="1.000000" x="0.000000"/>
                <texcoord v="0.812438" u="0.000100"/>
            </vertex>
            <vertex>
                <position z="0.750000" y="-0.062762" x="-1.000000"/>
                <normal z="-0.000000" y="1.000000" x="0.000000"/>
                <texcoord v="0.874925" u="0.000100"/>
            </vertex>
            <vertex>
                <position z="0.875000" y="-0.062762" x="-1.000000"/>
                <normal z="-0.000000" y="1.000000" x="0.000000"/>
                <texcoord v="0.937413" u="0.000100"/>
            </vertex>
            <vertex>
                <position z="1.000000" y="-0.062762" x="-1.000000"/>
                <normal z="-0.000000" y="1.000000" x="0.000000"/>
                <texcoord v="0.999900" u="0.000100"/>
            </vertex>
            <vertex>
                <position z="1.000000" y="-0.062762" x="-0.875000"/>
                <normal z="-0.000000" y="1.000000" x="0.000000"/>
                <texcoord v="0.999900" u="0.062588"/>
            </vertex>
            <vertex>
                <position z="1.000000" y="-0.062762" x="-0.750000"/>
                <normal z="-0.000000" y="1.000000" x="0.000000"/>
                <texcoord v="0.999900" u="0.125075"/>
            </vertex>
            <vertex>
                <position z="1.000000" y="-0.062762" x="-0.625000"/>
                <normal z="-0.000000" y="1.000000" x="0.000000"/>
                <texcoord v="0.999900" u="0.187563"/>
            </vertex>
            <vertex>
                <position z="1.000000" y="-0.062762" x="-0.500000"/>
                <normal z="-0.000000" y="1.000000" x="0.000000"/>
                <texcoord v="0.999900" u="0.250050"/>
            </vertex>
            <vertex>
                <position z="1.000000" y="-0.062762" x="-0.375000"/>
                <normal z="-0.000000" y="1.000000" x="0.000000"/>
                <texcoord v="0.999900" u="0.312538"/>
            </vertex>
            <vertex>
                <position z="1.000000" y="-0.062762" x="-0.250000"/>
                <normal z="-0.000000" y="1.000000" x="0.000000"/>
                <texcoord v="0.999900" u="0.375025"/>
            </vertex>
            <vertex>
                <position z="1.000000" y="-0.062762" x="-0.125000"/>
                <normal z="-0.000000" y="1.000000" x="0.000000"/>
                <texcoord v="0.999900" u="0.437513"/>
            </vertex>
            <vertex>
                <position z="1.000000" y="-0.062762" x="0.000000"/>
                <normal z="-0.000000" y="1.000000" x="0.000000"/>
                <texcoord v="0.999900" u="0.500000"/>
            </vertex>
            <vertex>
                <position z="1.000000" y="-0.062762" x="0.125000"/>
                <normal z="-0.000000" y="1.000000" x="0.000000"/>
                <texcoord v="0.999900" u="0.562488"/>
            </vertex>
            <vertex>
                <position z="1.000000" y="-0.062762" x="0.250000"/>
                <normal z="0.300394" y="0.905271" x="-0.300394"/>
                <texcoord v="0.999900" u="0.624975"/>
            </vertex>
            <vertex>
                <position z="1.000000" y="-0.062762" x="0.375000"/>
                <normal z="0.742576" y="0.604999" x="-0.287210"/>
                <texcoord v="0.999900" u="0.687463"/>
            </vertex>
            <vertex>
                <position z="1.000000" y="-0.062762" x="0.500000"/>
                <normal z="0.742576" y="0.604999" x="0.287210"/>
                <texcoord v="0.999900" u="0.749950"/>
            </vertex>
            <vertex>
                <position z="1.000000" y="-0.062762" x="0.625000"/>
                <normal z="0.300394" y="0.905271" x="0.300394"/>
                <texcoord v="0.999900" u="0.812438"/>
            </vertex>
            <vertex>
                <position z="1.000000" y="-0.062762" x="0.750000"/>
                <normal z="-0.000000" y="1.000000" x="0.000000"/>
                <texcoord v="0.999900" u="0.874925"/>
            </vertex>
            <vertex>
                <position z="1.000000" y="-0.062762" x="0.875000"/>
                <normal z="-0.000000" y="1.000000" x="0.000000"/>
                <texcoord v="0.999900" u="0.937413"/>
            </vertex>
            <vertex>
                <position z="1.000000" y="-0.062762" x="1.000000"/>
                <normal z="-0.000000" y="1.000000" x="0.000000"/>
                <texcoord v="0.999900" u="0.999900"/>
            </vertex>
        </vertexbuffer>
    </sharedgeometry>
    <submeshes>
        <submesh material="_missing_material_" usesharedvertices="true" operationtype="triangle_list" use32bitindexes="False">
            <faces count="512">
                <face v2="1" v3="2" v1="0"/>
                <face v2="2" v3="3" v1="0"/>
                <face v2="5" v3="6" v1="4"/>
                <face v2="6" v3="7" v1="4"/>
                <face v2="9" v3="10" v1="8"/>
                <face v2="10" v3="11" v1="8"/>
                <face v2="13" v3="14" v1="12"/>
                <face v2="14" v3="15" v1="12"/>
                <face v2="17" v3="18" v1="16"/>
                <face v2="18" v3="19" v1="16"/>
                <face v2="21" v3="22" v1="20"/>
                <face v2="22" v3="23" v1="20"/>
                <face v2="25" v3="26" v1="24"/>
                <face v2="26" v3="27" v1="24"/>
                <face v2="29" v3="30" v1="28"/>
                <face v2="30" v3="31" v1="28"/>
                <face v2="33" v3="34" v1="32"/>
                <face v2="34" v3="35" v1="32"/>
                <face v2="37" v3="38" v1="36"/>
                <face v2="38" v3="39" v1="36"/>
                <face v2="41" v3="42" v1="40"/>
                <face v2="42" v3="43" v1="40"/>
                <face v2="45" v3="46" v1="44"/>
                <face v2="46" v3="47" v1="44"/>
                <face v2="49" v3="50" v1="48"/>
                <face v2="50" v3="51" v1="48"/>
                <face v2="53" v3="54" v1="52"/>
                <face v2="54" v3="55" v1="52"/>
                <face v2="57" v3="58" v1="56"/>
                <face v2="58" v3="59" v1="56"/>
                <face v2="61" v3="62" v1="60"/>
                <face v2="62" v3="63" v1="60"/>
                <face v2="65" v3="66" v1="64"/>
                <face v2="66" v3="67" v1="64"/>
                <face v2="69" v3="70" v1="68"/>
                <face v2="70" v3="71" v1="68"/>
                <face v2="73" v3="74" v1="72"/>
                <face v2="74" v3="75" v1="72"/>
                <face v2="77" v3="78" v1="76"/>
                <face v2="78" v3="79" v1="76"/>
                <face v2="81" v3="82" v1="80"/>
                <face v2="82" v3="83" v1="80"/>
                <face v2="85" v3="86" v1="84"/>
                <face v2="86" v3="87" v1="84"/>
                <face v2="89" v3="90" v1="88"/>
                <face v2="90" v3="91" v1="88"/>
                <face v2="93" v3="94" v1="92"/>
                <face v2="94" v3="95" v1="92"/>
                <face v2="97" v3="98" v1="96"/>
                <face v2="98" v3="99" v1="96"/>
                <face v2="101" v3="102" v1="100"/>
                <face v2="102" v3="103" v1="100"/>
                <face v2="105" v3="106" v1="104"/>
                <face v2="106" v3="107" v1="104"/>
                <face v2="109" v3="110" v1="108"/>
                <face v2="110" v3="111" v1="108"/>
                <face v2="113" v3="114" v1="112"/>
                <face v2="114" v3="115" v1="112"/>
                <face v2="117" v3="118" v1="116"/>
                <face v2="118" v3="119" v1="116"/>
                <face v2="121" v3="122" v1="120"/>
                <face v2="122" v3="123" v1="120"/>
                <face v2="125" v3="126" v1="124"/>
                <face v2="126" v3="127" v1="124"/>
                <face v2="129" v3="130" v1="128"/>
                <face v2="130" v3="131" v1="128"/>
                <face v2="133" v3="134" v1="132"/>
                <face v2="134" v3="135" v1="132"/>
                <face v2="137" v3="138" v1="136"/>
                <face v2="138" v3="139" v1="136"/>
                <face v2="141" v3="142" v1="140"/>
                <face v2="142" v3="143" v1="140"/>
                <face v2="145" v3="146" v1="144"/>
                <face v2="146" v3="147" v1="144"/>
                <face v2="149" v3="150" v1="148"/>
                <face v2="150" v3="151" v1="148"/>
                <face v2="153" v3="154" v1="152"/>
                <face v2="154" v3="155" v1="152"/>
                <face v2="157" v3="158" v1="156"/>
                <face v2="158" v3="159" v1="156"/>
                <face v2="161" v3="162" v1="160"/>
                <face v2="162" v3="163" v1="160"/>
                <face v2="165" v3="166" v1="164"/>
                <face v2="166" v3="167" v1="164"/>
                <face v2="169" v3="170" v1="168"/>
                <face v2="170" v3="171" v1="168"/>
                <face v2="173" v3="174" v1="172"/>
                <face v2="174" v3="175" v1="172"/>
                <face v2="177" v3="178" v1="176"/>
                <face v2="178" v3="179" v1="176"/>
                <face v2="181" v3="182" v1="180"/>
                <face v2="182" v3="183" v1="180"/>
                <face v2="185" v3="186" v1="184"/>
                <face v2="186" v3="187" v1="184"/>
                <face v2="189" v3="190" v1="188"/>
                <face v2="190" v3="191" v1="188"/>
                <face v2="193" v3="194" v1="192"/>
                <face v2="194" v3="195" v1="192"/>
                <face v2="197" v3="198" v1="196"/>
                <face v2="198" v3="199" v1="196"/>
                <face v2="201" v3="202" v1="200"/>
                <face v2="202" v3="203" v1="200"/>
                <face v2="205" v3="206" v1="204"/>
                <face v2="206" v3="207" v1="204"/>
                <face v2="209" v3="210" v1="208"/>
                <face v2="210" v3="211" v1="208"/>
                <face v2="213" v3="214" v1="212"/>
                <face v2="214" v3="215" v1="212"/>
                <face v2="217" v3="218" v1="216"/>
                <face v2="218" v3="219" v1="216"/>
                <face v2="221" v3="222" v1="220"/>
                <face v2="222" v3="223" v1="220"/>
                <face v2="225" v3="226" v1="224"/>
                <face v2="226" v3="227" v1="224"/>
                <face v2="229" v3="230" v1="228"/>
                <face v2="230" v3="231" v1="228"/>
                <face v2="233" v3="234" v1="232"/>
                <face v2="234" v3="235" v1="232"/>
                <face v2="237" v3="238" v1="236"/>
                <face v2="238" v3="239" v1="236"/>
                <face v2="241" v3="242" v1="240"/>
                <face v2="242" v3="243" v1="240"/>
                <face v2="245" v3="246" v1="244"/>
                <face v2="246" v3="247" v1="244"/>
                <face v2="249" v3="250" v1="248"/>
                <face v2="250" v3="251" v1="248"/>
                <face v2="253" v3="254" v1="252"/>
                <face v2="254" v3="255" v1="252"/>
                <face v2="0" v3="3" v1="65"/>
                <face v2="3" v3="66" v1="65"/>
                <face v2="75" v3="0" v1="70"/>
                <face v2="0" v3="65" v1="70"/>
                <face v2="74" v3="1" v1="75"/>
                <face v2="1" v3="0" v1="75"/>
                <face v2="4" v3="7" v1="77"/>
                <face v2="7" v3="78" v1="77"/>
                <face v2="87" v3="4" v1="82"/>
                <face v2="4" v3="77" v1="82"/>
                <face v2="86" v3="5" v1="87"/>
                <face v2="5" v3="4" v1="87"/>
                <face v2="8" v3="11" v1="89"/>
                <face v2="11" v3="90" v1="89"/>
                <face v2="99" v3="8" v1="94"/>
                <face v2="8" v3="89" v1="94"/>
                <face v2="98" v3="9" v1="99"/>
                <face v2="9" v3="8" v1="99"/>
                <face v2="12" v3="15" v1="101"/>
                <face v2="15" v3="102" v1="101"/>
                <face v2="111" v3="12" v1="106"/>
                <face v2="12" v3="101" v1="106"/>
                <face v2="110" v3="13" v1="111"/>
                <face v2="13" v3="12" v1="111"/>
                <face v2="16" v3="19" v1="113"/>
                <face v2="19" v3="114" v1="113"/>
                <face v2="123" v3="16" v1="118"/>
                <face v2="16" v3="113" v1="118"/>
                <face v2="122" v3="17" v1="123"/>
                <face v2="17" v3="16" v1="123"/>
                <face v2="20" v3="23" v1="125"/>
                <face v2="23" v3="126" v1="125"/>
                <face v2="135" v3="20" v1="130"/>
                <face v2="20" v3="125" v1="130"/>
                <face v2="134" v3="21" v1="135"/>
                <face v2="21" v3="20" v1="135"/>
                <face v2="24" v3="27" v1="137"/>
                <face v2="27" v3="138" v1="137"/>
                <face v2="147" v3="24" v1="142"/>
                <face v2="24" v3="137" v1="142"/>
                <face v2="146" v3="25" v1="147"/>
                <face v2="25" v3="24" v1="147"/>
                <face v2="28" v3="31" v1="149"/>
                <face v2="31" v3="150" v1="149"/>
                <face v2="159" v3="28" v1="154"/>
                <face v2="28" v3="149" v1="154"/>
                <face v2="158" v3="29" v1="159"/>
                <face v2="29" v3="28" v1="159"/>
                <face v2="32" v3="35" v1="161"/>
                <face v2="35" v3="162" v1="161"/>
                <face v2="171" v3="32" v1="166"/>
                <face v2="32" v3="161" v1="166"/>
                <face v2="170" v3="33" v1="171"/>
                <face v2="33" v3="32" v1="171"/>
                <face v2="36" v3="39" v1="173"/>
                <face v2="39" v3="174" v1="173"/>
                <face v2="183" v3="36" v1="178"/>
                <face v2="36" v3="173" v1="178"/>
                <face v2="182" v3="37" v1="183"/>
                <face v2="37" v3="36" v1="183"/>
                <face v2="40" v3="43" v1="185"/>
                <face v2="43" v3="186" v1="185"/>
                <face v2="195" v3="40" v1="190"/>
                <face v2="40" v3="185" v1="190"/>
                <face v2="194" v3="41" v1="195"/>
                <face v2="41" v3="40" v1="195"/>
                <face v2="44" v3="47" v1="197"/>
                <face v2="47" v3="198" v1="197"/>
                <face v2="207" v3="44" v1="202"/>
                <face v2="44" v3="197" v1="202"/>
                <face v2="206" v3="45" v1="207"/>
                <face v2="45" v3="44" v1="207"/>
                <face v2="48" v3="51" v1="209"/>
                <face v2="51" v3="210" v1="209"/>
                <face v2="219" v3="48" v1="214"/>
                <face v2="48" v3="209" v1="214"/>
                <face v2="218" v3="49" v1="219"/>
                <face v2="49" v3="48" v1="219"/>
                <face v2="52" v3="55" v1="221"/>
                <face v2="55" v3="222" v1="221"/>
                <face v2="231" v3="52" v1="226"/>
                <face v2="52" v3="221" v1="226"/>
                <face v2="230" v3="53" v1="231"/>
                <face v2="53" v3="52" v1="231"/>
                <face v2="56" v3="59" v1="233"/>
                <face v2="59" v3="234" v1="233"/>
                <face v2="243" v3="56" v1="238"/>
                <face v2="56" v3="233" v1="238"/>
                <face v2="242" v3="57" v1="243"/>
                <face v2="57" v3="56" v1="243"/>
                <face v2="60" v3="63" v1="245"/>
                <face v2="63" v3="246" v1="245"/>
                <face v2="255" v3="60" v1="250"/>
                <face v2="60" v3="245" v1="250"/>
                <face v2="254" v3="61" v1="255"/>
                <face v2="61" v3="60" v1="255"/>
                <face v2="64" v3="67" v1="17"/>
                <face v2="67" v3="18" v1="17"/>
                <face v2="71" v3="64" v1="122"/>
                <face v2="64" v3="17" v1="122"/>
                <face v2="70" v3="65" v1="71"/>
                <face v2="65" v3="64" v1="71"/>
                <face v2="68" v3="71" v1="121"/>
                <face v2="71" v3="122" v1="121"/>
                <face v2="139" v3="68" v1="22"/>
                <face v2="68" v3="121" v1="22"/>
                <face v2="138" v3="69" v1="139"/>
                <face v2="69" v3="68" v1="139"/>
                <face v2="72" v3="75" v1="69"/>
                <face v2="75" v3="70" v1="69"/>
                <face v2="27" v3="72" v1="138"/>
                <face v2="72" v3="69" v1="138"/>
                <face v2="26" v3="73" v1="27"/>
                <face v2="73" v3="72" v1="27"/>
                <face v2="76" v3="79" v1="29"/>
                <face v2="79" v3="30" v1="29"/>
                <face v2="83" v3="76" v1="158"/>
                <face v2="76" v3="29" v1="158"/>
                <face v2="82" v3="77" v1="83"/>
                <face v2="77" v3="76" v1="83"/>
                <face v2="80" v3="83" v1="157"/>
                <face v2="83" v3="158" v1="157"/>
                <face v2="175" v3="80" v1="34"/>
                <face v2="80" v3="157" v1="34"/>
                <face v2="174" v3="81" v1="175"/>
                <face v2="81" v3="80" v1="175"/>
                <face v2="84" v3="87" v1="81"/>
                <face v2="87" v3="82" v1="81"/>
                <face v2="39" v3="84" v1="174"/>
                <face v2="84" v3="81" v1="174"/>
                <face v2="38" v3="85" v1="39"/>
                <face v2="85" v3="84" v1="39"/>
                <face v2="88" v3="91" v1="41"/>
                <face v2="91" v3="42" v1="41"/>
                <face v2="95" v3="88" v1="194"/>
                <face v2="88" v3="41" v1="194"/>
                <face v2="94" v3="89" v1="95"/>
                <face v2="89" v3="88" v1="95"/>
                <face v2="92" v3="95" v1="193"/>
                <face v2="95" v3="194" v1="193"/>
                <face v2="211" v3="92" v1="46"/>
                <face v2="92" v3="193" v1="46"/>
                <face v2="210" v3="93" v1="211"/>
                <face v2="93" v3="92" v1="211"/>
                <face v2="96" v3="99" v1="93"/>
                <face v2="99" v3="94" v1="93"/>
                <face v2="51" v3="96" v1="210"/>
                <face v2="96" v3="93" v1="210"/>
                <face v2="50" v3="97" v1="51"/>
                <face v2="97" v3="96" v1="51"/>
                <face v2="100" v3="103" v1="53"/>
                <face v2="103" v3="54" v1="53"/>
                <face v2="107" v3="100" v1="230"/>
                <face v2="100" v3="53" v1="230"/>
                <face v2="106" v3="101" v1="107"/>
                <face v2="101" v3="100" v1="107"/>
                <face v2="104" v3="107" v1="229"/>
                <face v2="107" v3="230" v1="229"/>
                <face v2="247" v3="104" v1="58"/>
                <face v2="104" v3="229" v1="58"/>
                <face v2="246" v3="105" v1="247"/>
                <face v2="105" v3="104" v1="247"/>
                <face v2="108" v3="111" v1="105"/>
                <face v2="111" v3="106" v1="105"/>
                <face v2="63" v3="108" v1="246"/>
                <face v2="108" v3="105" v1="246"/>
                <face v2="62" v3="109" v1="63"/>
                <face v2="109" v3="108" v1="63"/>
                <face v2="112" v3="115" v1="5"/>
                <face v2="115" v3="6" v1="5"/>
                <face v2="119" v3="112" v1="86"/>
                <face v2="112" v3="5" v1="86"/>
                <face v2="118" v3="113" v1="119"/>
                <face v2="113" v3="112" v1="119"/>
                <face v2="116" v3="119" v1="85"/>
                <face v2="119" v3="86" v1="85"/>
                <face v2="127" v3="116" v1="38"/>
                <face v2="116" v3="85" v1="38"/>
                <face v2="126" v3="117" v1="127"/>
                <face v2="117" v3="116" v1="127"/>
                <face v2="120" v3="123" v1="117"/>
                <face v2="123" v3="118" v1="117"/>
                <face v2="23" v3="120" v1="126"/>
                <face v2="120" v3="117" v1="126"/>
                <face v2="22" v3="121" v1="23"/>
                <face v2="121" v3="120" v1="23"/>
                <face v2="124" v3="127" v1="37"/>
                <face v2="127" v3="38" v1="37"/>
                <face v2="131" v3="124" v1="182"/>
                <face v2="124" v3="37" v1="182"/>
                <face v2="130" v3="125" v1="131"/>
                <face v2="125" v3="124" v1="131"/>
                <face v2="128" v3="131" v1="181"/>
                <face v2="131" v3="182" v1="181"/>
                <face v2="223" v3="128" v1="10"/>
                <face v2="128" v3="181" v1="10"/>
                <face v2="222" v3="129" v1="223"/>
                <face v2="129" v3="128" v1="223"/>
                <face v2="132" v3="135" v1="129"/>
                <face v2="135" v3="130" v1="129"/>
                <face v2="55" v3="132" v1="222"/>
                <face v2="132" v3="129" v1="222"/>
                <face v2="54" v3="133" v1="55"/>
                <face v2="133" v3="132" v1="55"/>
                <face v2="136" v3="139" v1="21"/>
                <face v2="139" v3="22" v1="21"/>
                <face v2="143" v3="136" v1="134"/>
                <face v2="136" v3="21" v1="134"/>
                <face v2="142" v3="137" v1="143"/>
                <face v2="137" v3="136" v1="143"/>
                <face v2="140" v3="143" v1="133"/>
                <face v2="143" v3="134" v1="133"/>
                <face v2="103" v3="140" v1="54"/>
                <face v2="140" v3="133" v1="54"/>
                <face v2="102" v3="141" v1="103"/>
                <face v2="141" v3="140" v1="103"/>
                <face v2="144" v3="147" v1="141"/>
                <face v2="147" v3="142" v1="141"/>
                <face v2="15" v3="144" v1="102"/>
                <face v2="144" v3="141" v1="102"/>
                <face v2="14" v3="145" v1="15"/>
                <face v2="145" v3="144" v1="15"/>
                <face v2="148" v3="151" v1="256"/>
                <face v2="151" v3="257" v1="256"/>
                <face v2="155" v3="148" v1="258"/>
                <face v2="148" v3="256" v1="258"/>
                <face v2="154" v3="149" v1="155"/>
                <face v2="149" v3="148" v1="155"/>
                <face v2="152" v3="155" v1="259"/>
                <face v2="155" v3="258" v1="259"/>
                <face v2="163" v3="152" v1="260"/>
                <face v2="152" v3="259" v1="260"/>
                <face v2="162" v3="153" v1="163"/>
                <face v2="153" v3="152" v1="163"/>
                <face v2="156" v3="159" v1="153"/>
                <face v2="159" v3="154" v1="153"/>
                <face v2="35" v3="156" v1="162"/>
                <face v2="156" v3="153" v1="162"/>
                <face v2="34" v3="157" v1="35"/>
                <face v2="157" v3="156" v1="35"/>
                <face v2="160" v3="163" v1="261"/>
                <face v2="163" v3="260" v1="261"/>
                <face v2="167" v3="160" v1="262"/>
                <face v2="160" v3="261" v1="262"/>
                <face v2="166" v3="161" v1="167"/>
                <face v2="161" v3="160" v1="167"/>
                <face v2="164" v3="167" v1="263"/>
                <face v2="167" v3="262" v1="263"/>
                <face v2="187" v3="164" v1="264"/>
                <face v2="164" v3="263" v1="264"/>
                <face v2="186" v3="165" v1="187"/>
                <face v2="165" v3="164" v1="187"/>
                <face v2="168" v3="171" v1="165"/>
                <face v2="171" v3="166" v1="165"/>
                <face v2="43" v3="168" v1="186"/>
                <face v2="168" v3="165" v1="186"/>
                <face v2="42" v3="169" v1="43"/>
                <face v2="169" v3="168" v1="43"/>
                <face v2="172" v3="175" v1="33"/>
                <face v2="175" v3="34" v1="33"/>
                <face v2="179" v3="172" v1="170"/>
                <face v2="172" v3="33" v1="170"/>
                <face v2="178" v3="173" v1="179"/>
                <face v2="173" v3="172" v1="179"/>
                <face v2="176" v3="179" v1="169"/>
                <face v2="179" v3="170" v1="169"/>
                <face v2="91" v3="176" v1="42"/>
                <face v2="176" v3="169" v1="42"/>
                <face v2="90" v3="177" v1="91"/>
                <face v2="177" v3="176" v1="91"/>
                <face v2="180" v3="183" v1="177"/>
                <face v2="183" v3="178" v1="177"/>
                <face v2="11" v3="180" v1="90"/>
                <face v2="180" v3="177" v1="90"/>
                <face v2="10" v3="181" v1="11"/>
                <face v2="181" v3="180" v1="11"/>
                <face v2="184" v3="187" v1="265"/>
                <face v2="187" v3="264" v1="265"/>
                <face v2="191" v3="184" v1="266"/>
                <face v2="184" v3="265" v1="266"/>
                <face v2="190" v3="185" v1="191"/>
                <face v2="185" v3="184" v1="191"/>
                <face v2="188" v3="191" v1="267"/>
                <face v2="191" v3="266" v1="267"/>
                <face v2="199" v3="188" v1="268"/>
                <face v2="188" v3="267" v1="268"/>
                <face v2="198" v3="189" v1="199"/>
                <face v2="189" v3="188" v1="199"/>
                <face v2="192" v3="195" v1="189"/>
                <face v2="195" v3="190" v1="189"/>
                <face v2="47" v3="192" v1="198"/>
                <face v2="192" v3="189" v1="198"/>
                <face v2="46" v3="193" v1="47"/>
                <face v2="193" v3="192" v1="47"/>
                <face v2="196" v3="199" v1="269"/>
                <face v2="199" v3="268" v1="269"/>
                <face v2="203" v3="196" v1="270"/>
                <face v2="196" v3="269" v1="270"/>
                <face v2="202" v3="197" v1="203"/>
                <face v2="197" v3="196" v1="203"/>
                <face v2="200" v3="203" v1="271"/>
                <face v2="203" v3="270" v1="271"/>
                <face v2="273" v3="200" v1="272"/>
                <face v2="200" v3="271" v1="272"/>
                <face v2="274" v3="201" v1="273"/>
                <face v2="201" v3="200" v1="273"/>
                <face v2="204" v3="207" v1="201"/>
                <face v2="207" v3="202" v1="201"/>
                <face v2="275" v3="204" v1="274"/>
                <face v2="204" v3="201" v1="274"/>
                <face v2="276" v3="205" v1="275"/>
                <face v2="205" v3="204" v1="275"/>
                <face v2="208" v3="211" v1="45"/>
                <face v2="211" v3="46" v1="45"/>
                <face v2="215" v3="208" v1="206"/>
                <face v2="208" v3="45" v1="206"/>
                <face v2="214" v3="209" v1="215"/>
                <face v2="209" v3="208" v1="215"/>
                <face v2="212" v3="215" v1="205"/>
                <face v2="215" v3="206" v1="205"/>
                <face v2="277" v3="212" v1="276"/>
                <face v2="212" v3="205" v1="276"/>
                <face v2="278" v3="213" v1="277"/>
                <face v2="213" v3="212" v1="277"/>
                <face v2="216" v3="219" v1="213"/>
                <face v2="219" v3="214" v1="213"/>
                <face v2="279" v3="216" v1="278"/>
                <face v2="216" v3="213" v1="278"/>
                <face v2="280" v3="217" v1="279"/>
                <face v2="217" v3="216" v1="279"/>
                <face v2="220" v3="223" v1="9"/>
                <face v2="223" v3="10" v1="9"/>
                <face v2="227" v3="220" v1="98"/>
                <face v2="220" v3="9" v1="98"/>
                <face v2="226" v3="221" v1="227"/>
                <face v2="221" v3="220" v1="227"/>
                <face v2="224" v3="227" v1="97"/>
                <face v2="227" v3="98" v1="97"/>
                <face v2="235" v3="224" v1="50"/>
                <face v2="224" v3="97" v1="50"/>
                <face v2="234" v3="225" v1="235"/>
                <face v2="225" v3="224" v1="235"/>
                <face v2="228" v3="231" v1="225"/>
                <face v2="231" v3="226" v1="225"/>
                <face v2="59" v3="228" v1="234"/>
                <face v2="228" v3="225" v1="234"/>
                <face v2="58" v3="229" v1="59"/>
                <face v2="229" v3="228" v1="59"/>
                <face v2="232" v3="235" v1="49"/>
                <face v2="235" v3="50" v1="49"/>
                <face v2="239" v3="232" v1="218"/>
                <face v2="232" v3="49" v1="218"/>
                <face v2="238" v3="233" v1="239"/>
                <face v2="233" v3="232" v1="239"/>
                <face v2="236" v3="239" v1="217"/>
                <face v2="239" v3="218" v1="217"/>
                <face v2="281" v3="236" v1="280"/>
                <face v2="236" v3="217" v1="280"/>
                <face v2="282" v3="237" v1="281"/>
                <face v2="237" v3="236" v1="281"/>
                <face v2="240" v3="243" v1="237"/>
                <face v2="243" v3="238" v1="237"/>
                <face v2="283" v3="240" v1="282"/>
                <face v2="240" v3="237" v1="282"/>
                <face v2="284" v3="241" v1="283"/>
                <face v2="241" v3="240" v1="283"/>
                <face v2="244" v3="247" v1="57"/>
                <face v2="247" v3="58" v1="57"/>
                <face v2="251" v3="244" v1="242"/>
                <face v2="244" v3="57" v1="242"/>
                <face v2="250" v3="245" v1="251"/>
                <face v2="245" v3="244" v1="251"/>
                <face v2="248" v3="251" v1="241"/>
                <face v2="251" v3="242" v1="241"/>
                <face v2="285" v3="248" v1="284"/>
                <face v2="248" v3="241" v1="284"/>
                <face v2="286" v3="249" v1="285"/>
                <face v2="249" v3="248" v1="285"/>
                <face v2="252" v3="255" v1="249"/>
                <face v2="255" v3="250" v1="249"/>
                <face v2="287" v3="252" v1="286"/>
                <face v2="252" v3="249" v1="286"/>
                <face v2="288" v3="253" v1="287"/>
                <face v2="253" v3="252" v1="287"/>
            </faces>
        </submesh>
    </submeshes>
    <submeshnames>
        <submesh name="_missing_material_" index="0">
        </submesh>
    </submeshnames>
</mesh>